{
"texture":"particle.png",
"radialAccelerationVariance":100
,"duration":200
,"endBlueVariance":0
,"blendFactorSource":"one"
,"startAlphaVariance":0
,"endAlphaVariance":1
,"blendFactorDestination":"oneMinusSourceAlpha"
,"endRedVariance":0
,"emitterVariance":{"x":12,"y":11}
,"maxRadiusVariance":30
,"lifespan":2230
,"tangentialAccelerationVariance":0
,"minRadius":20
,"lifespanVariance":700
,"maxRadius":100
,"minRadiusVariance":10
,"startSize":20
,"tangentialAcceleration":100
,"rotatePerSecond":30
,"startSizeVariance":10
,"rotatePerSecondVariance":10
,"endSize":10
,"emitterType":0
,"startGreenVariance":0
,"startAlpha":1
,"emitAngle":180
,"endAlpha":0
,"emitAngleVariance":360
,"radialAcceleration":100
,"endSizeVariance":5
,"startRotation":0
,"emitter":{"x":533,"y":387}
,"startRotationVariance":45
,"startRed":255
,"endRotation":263.58
,"endRotationVariance":292.07
,"startBlue":255
,"speed":10
,"gravity":{"x":0,"y":110}
,"startBlueVariance":0
,"startGreen":255
,"maxParticles":200
,"endBlue":255
,"startRedVariance":0
,"endRed":255
,"endGreen":255
,"speedVariance":200
,"engGreenVariance":0
}